-0.022352788442124922,0.18924313535292941,0.07952210182944933,0.08590447786264122,-0.2583974883891642
-0.0050759464502334595,0.07674728147685528,0.0167713712900877,0.06802198749501258,-0.12305866666138172
0.004467921713057876,0.004700236022472382,-0.014977025333791971,0.013478173459589016,0.01945598583552055
0.0075379544869065285,0.012621401084793938,-0.02251731583641635,0.0049001516179285115,-0.0031141306066678628
-0.00714076571801508,-0.01967251087030904,-0.018948986247943885,0.019387399216859856,0.002897402292794802
-0.06846395628526807,-0.03241295314122302,-0.05021999776363373,0.041842643509153274,-0.047753043053671715
-0.028324116196017712,-0.03768296062965722,-0.05161480223371957,0.01547078910516575,0.03654383927641902
-0.11377570747087398,-0.03659728107353051,-0.042224141148229435,3.504229437870284E-4,0.05328476568683982
-0.15927426144480705,0.04393962624349764,-0.1007206950868879,-0.02224282148693289,-0.010147621256432362
-0.009980792246226753,-0.0037336925327378723,-0.03420966727259968,0.021508952968620827,0.021281589920233403
-0.015820931759662926,-0.050084371631965045,-0.034105895273387435,0.009368009399622679,0.029430816299282014
-0.04472101529245265,-0.028519295912701637,-0.11866524018114433,-0.009075483336346224,0.005732722522225231
-0.06431672908365726,-0.04174426694711049,-0.1463442596917351,0.0012195291152844825,-0.03617322507003943
0.051737965731364154,-0.03912126852406395,-0.061395698162313134,0.04118765042059951,0.08524519463794099
0.04291925911924668,0.007490600791892834,-0.05202654243579932,0.06342072505503893,0.016904790087469986
0.0056644603842869404,-0.04572878913022578,-0.06976292009154955,0.032299354393035176,0.06001992498834928
-0.03425240248011855,-0.00931613061290521,-0.018407895435722403,0.03981916728214576,5.067028463459932E-4
0.0363590983260009,-0.020752143709816866,-0.06670600230831446,0.007101389062073495,0.03358967492305156
0.0602680052487323,-0.01729691759324991,-0.06438512392700292,0.02691405058766787,0.03327493661513122
0.05782869683676644,-0.01519329208684595,-0.07405807688146045,0.05062950949037545,-0.021325958145194147
0.01226684876850673,-0.01936375073689435,-0.09464888780244758,0.0056509314953083435,-0.025899784506431645
0.032195881474763155,-0.04507329866755754,-0.17402493427507582,1.6343165189027788E-4,0.01118810148909688
0.01760794496577647,-0.06593844473051527,-0.15518835042085913,0.01797042947469486,0.040832736218969025
0.015133437969220374,0.013490478364894025,0.003431155489614377,0.04342285925164246,0.024444068423830546
0.017297243984002206,0.10774551082350727,0.10394948188008533,0.11404541093442175,0.036398512311279774
0.019326189591083676,0.12104081199504435,0.11699912138283253,0.1272018002346158,0.03800605202559382
0.015938869349404493,0.020050746346400545,-0.02266436316263439,0.05233043889430437,-0.00715275261212479
0.009846741760460038,-6.36679172101948E-4,-0.04509413325124317,0.06718626830519901,-0.03587571893715196
-0.05517131695523858,0.0022481210762634873,-0.023194132729258854,0.011537246115040034,0.04306012578308582
-0.02199824686977081,0.0194760584369457,-0.013941212867697079,0.011145227637219552,-0.03836369706550613
0.010833582025952637,-0.031216192874126136,-0.05170817479665857,0.053778124041855335,0.06706410041078925
0.014410911793155328,-0.03675510534750564,-0.05408024375459977,0.025378913352532045,0.0389376349880227
0.002397065190598369,0.004884242173284293,-0.05086832828819752,0.01922211777418852,0.019902706518769266
0.023695507709635424,0.012027180520817637,-0.04071750231087208,0.017315788380801677,0.010896210395731033
0.41583414719654965,0.08753988132453883,0.049275810830295086,-0.006772925557855231,-0.49073632519978744
0.4329850175059759,0.09124949001348936,0.04706264045447685,-0.013634148895597229,-0.4905099524901464
0.041787060152273625,-0.03470515657681972,-0.04213101293134969,0.018476034609193448,0.03895241185091436
0.03479636936551995,-0.025262708672218852,-0.06232446680466334,-0.004974614440773924,0.02699096340479122
-0.07978076238650829,0.20484352093189956,0.5050424970686436,0.08479359506163747,-0.08314350317232311
-0.05390987976764639,0.19401679014166195,0.489106022240594,0.07783392422522108,-0.05027369223535061
-0.031183947176032234,0.10749219299759716,0.24654672542237677,0.03922107192920521,-0.028188257128931582
-0.09364362411821882,0.2632551754514376,0.6268467923005422,0.07448814896245798,-0.15613295510411263
-0.09962232632096857,0.32742933432261145,0.7490027081221342,0.09005694293106595,-0.15829364287977415
-0.021013488449777164,0.05975151155143976,0.19111239214220807,0.03474876376438058,-0.0241630005184561
-0.003473573630409581,0.029576725193432397,0.05714345058160168,0.03392247057386807,-0.040613589775083316
0.007136645527290446,-0.04095367964224091,0.0052594794625682485,0.025030730292201042,0.040866415515275936
-0.004133111974667935,0.015603026863010155,0.0032067648800356047,0.033542095949607234,0.01786521165853455
0.04291893541812897,0.05983083229511976,0.05430291872471571,0.06945918053388596,0.032574670016765596
0.016494131360489588,-0.01535576293603159,0.0309302039229526,0.029664077581121374,0.008980186172546104
0.06996565102599561,0.036398053693119437,0.013874657975975424,0.04885593181825243,-0.04852376249618828
0.04723476734943688,-0.008372769938432612,0.013325498963240534,0.052494118455797434,0.07164815452415496
0.04551949864253402,0.0015625296759286095,-0.020244570407417735,0.042668198301856,0.013176407997629471
0.060326045285910374,-0.01759704351425171,-0.07162077762186528,0.05058461977168918,0.04685427024960518
0.017710654356051236,0.02769163356424542,-0.0017896450008265674,0.06236588174942881,0.06024097395129502
0.018719292304012924,0.02982551060267724,0.0036976762785343453,0.03887646380462684,0.03154963755514473
-0.013491161500236817,-0.041491988996442936,-0.047089293133467436,0.042211658155013404,0.09752259802605424
-0.008095265469617313,-0.050716809782898054,-0.01082986013756858,0.035574249768008784,0.007709629730217986
0.009063199860975146,-0.02785359868513686,-0.011701423342206647,0.023628628380330544,0.043749467070613585
0.011546280713648431,-0.04707143999015291,-0.0951252617718031,0.036489766983625785,0.06315849289401537
0.054873332647340636,-0.08074166040335383,-0.12311221439657466,0.02446500238563333,0.161123838275671
0.04416583965604122,-0.09282485166421305,-0.1021038239929252,0.013099746523389164,0.14090964298408765
0.028272899814570943,-0.06576481371497114,-0.08155434504151345,0.0051690138876438144,0.10166074521839619
0.02895561830305001,-0.012764520970556666,-0.01429387231302612,0.019363783594385228,0.03418491967022419
0.046997252493523635,-0.025214694261264343,-0.0336368980172735,0.03713877155230596,0.033149069390044764
0.051956386970622194,-0.030983308263655217,-0.024311132196869166,0.062025256854082854,0.024909111504842128
0.03932727097223202,-0.019096511765383184,-0.04139842698350549,0.001970758016492861,0.014738444583296465
-0.013181399121614439,0.0032590543518641163,0.014795448680940482,0.007519981990169201,-0.018543530841790404
0.0205933617738386,0.01795069632741312,0.013014536661406357,0.02262393416215976,-0.006759053096175194
0.002725705783814192,-0.016811962146312,-0.025217779609374703,0.02790033386554569,0.055164693272672594
0.010699374414980412,-0.01825265786610544,-0.023746103793382645,0.023934629326686264,0.07207460701465607
-6.594004007638432E-4,-0.021781326533528045,-0.022786002344219014,0.026040159224066883,0.05693934118608013
-9.325568486625949E-4,-0.07078538897136846,-0.0911449488873283,0.03515867213718593,0.12256005809952815
-0.03237720672041178,-0.05893622331786901,-0.12225235607475043,-0.030387740768492225,0.1510494861751795
0.0035950028603630403,-0.06279750939990793,-0.09233110690755503,0.03258958525423492,0.11455299146473408
0.024552727716841867,-0.04098043999900775,-0.058093799477709186,0.02799634467477777,0.05428439910922731
0.012992983018713338,-0.024974976799317768,-0.05099404975771904,0.05008897431460874,0.04375051680420126
0.004075558055774309,-0.02447712495632004,-0.0841332592535764,-0.0048111573996720836,0.004550317768007517
0.04115140879088465,-0.10145365179050714,-0.11830481355462004,0.025305921143359122,0.11358733519035227
0.047392359277343046,-0.09177799266763031,-0.09021397964919314,0.01533980605959454,0.12304430832976804
0.1882629554499598,-0.019921015235869324,-0.15397209131761508,-0.0010098328142810393,0.0762721921372063
0.20800021290779114,-0.022005682500700154,-0.2027297442158063,-0.00850750191602856,0.18728540403147537
0.18436863739043474,-0.07723739393986762,-0.19670049007982016,-9.732637845445424E-4,0.20888228257535957
0.15892218798398972,-0.07138967545082171,-0.18555690255016088,-0.009628851645781348,0.15750665528078872
0.08968863831833004,-0.02941539523502191,-0.10286366790533065,0.008574601418028275,0.0884901683156689
0.18513969000842836,-0.026720936358388927,-0.11462237916162443,0.028754259255947545,0.09350462030205461
0.11926679291269358,-0.025151628836551133,-0.12150239767780636,-0.02151358491905472,0.09147272967076038
0.02877881782478653,0.002333891604212113,-0.011335704708471894,0.03914102788548917,0.004155238124076277
0.024890321107315164,-0.04393289650657347,-0.07177566630499703,0.036793163944301856,0.07320094358042946
0.02799919303652132,-0.04254396307806019,-0.06116351569653489,0.015301544815883972,0.061909766343887895
0.05093607141382315,-0.03175637650896203,-0.05551415597173301,-0.01615879589437761,0.07444275151514872
0.017412519189887322,0.03684687489070572,-0.032807488567554034,0.023107593019421287,0.01017348740536433
0.033422088064253334,0.02292809057980776,0.012014446151442827,0.013037634920328856,0.11341224685311319
0.08801148826023564,0.014512634796119528,-0.02061166566272732,-0.017460000643040985,0.12950097653083503
0.16960959177878168,0.0034667990597275393,-0.047039295779541135,-0.04629552943838967,0.32637374610122705
0.0641593030304648,-0.04023525753291324,0.044949178758542985,0.04359715062309988,0.08500406297389418
0.10892608329992402,-0.025926948884840716,0.1014523058283058,0.11504001564092257,0.030460895039141178
0.06507672297043933,-0.040080231821371444,0.06484959659994476,0.07026788646665712,0.024246957773963608
0.006510266164938609,-0.12178150187246502,-0.05144768664613366,0.031315626266101994,0.17850538243850073
0.006095184801289669,-0.10526891763751897,-0.054598291941846795,0.03181421788982474,0.16487333272100213
0.017145227640867233,-0.12149077013600618,-0.027198615251109004,0.03518161972169764,0.2503579710610211
-0.025945499655790627,-0.11598110509415467,-0.024598481599241495,0.028225530326987304,0.17031355667859316
-0.02950533927203371,-0.12301935807157022,-0.046990618673869625,0.05890851804556755,0.15387481608642983
0.028243196963825646,-0.11084149558754527,-0.0558205307187403,0.03625281187979614,0.14055501165635445
-0.029143684011484892,-0.09236339473032525,-0.07186338551608579,0.06075889873318374,0.12668324448168278
-0.004833665210753679,-0.16206833402005333,-0.08732433958599964,0.07015928362185755,0.20996943737069765
-0.012910518368395666,-0.0849278093729582,-0.04756062750109575,0.04530376069144242,0.11115936852648801
-0.002497160940298012,-0.13637821682329687,-0.10876926573525582,0.06998017086048743,0.16531155763992242
4.0723943883287054E-4,-0.04610129312745162,-0.0341116969606706,0.013431564609553397,0.11131755182785646
-0.035411590652074665,-0.0916372923446553,-0.029735310535345758,0.0174307457969657,0.09725019867931092
-0.06462270403280855,-0.054574320372194056,-0.025563935295213017,0.07969238425139338,0.029651241609826684
-0.08336339262314141,-0.13980449177324772,-0.01749255508184433,0.03161165211349726,0.14467538706958294
0.0018953214665608745,-0.13945665010916333,-0.09042779406133507,0.03137125028297305,0.20224552528400505
-0.018931796308606863,-0.164155021449551,-0.06080291382968426,0.00717991222627461,0.23322898266487757
0.0015455027421315511,-0.11942656934261321,-0.04250073496562739,0.026377464815353354,0.16407515772928793
0.00892047138002358,-0.10758487355748289,-0.06397026629910167,0.002711664235807563,0.1525418167247584
-0.014121587122125284,-0.16657227144709655,-0.052760341321118176,0.05393292292553399,0.16295455981578144
0.0018708952702581882,-0.17370537465268915,-0.07981561903249133,0.016831329558044672,0.22781177779490297
-0.026783240174776627,-0.04507775424587491,-0.03199381307900981,0.020604478826403226,0.12026989607042388
-0.0648705057728176,-0.053858203025391474,-9.316020184017431E-4,0.035239389166235924,0.06396384902585012
-0.05425146780908108,-0.048297545237636026,-0.03927671609033661,0.039354863576591015,0.11676885370186277
-0.03876769087011261,-0.04992296959140471,-0.032722628078772686,0.0491105945381735,0.0901695742587825
-0.05368005658189456,-0.03623947458496938,-0.03089119848057938,0.024101411318406464,0.0650374154249827
0.029600955080240965,-0.06757519937430818,-0.07881495015074809,0.026715074898675084,-0.04297133216944833
-0.005103173083625734,-0.05206059158081189,-0.07142991392174736,0.038412232301197946,0.04342087946133688
-0.0012250160604404907,-0.018677191684643428,-0.027296959857145944,0.014549090418343742,0.029010682242612044
-0.015256907759855191,-0.007263591388861338,-0.025542584247887135,0.015115951917444666,0.004641126344601313
-0.021161921399955947,0.08533539064228535,0.14287734574948746,0.056011431540052094,-0.056486399844288826
0.010237462614895776,-0.03005871898494661,-0.03904675442026928,0.026881380908889696,0.10529953328659758
-0.012099107916583307,0.019840239721816033,0.009178232634440064,0.016818532487377524,0.04381162079516798
0.01166493073105812,-0.03900912996720184,-0.04069543007591909,0.019750170936194165,0.10320799628441985
0.012642254944824214,-0.02883564574377877,-0.08281579720122473,-0.011137088020664772,0.09704666065850427
0.11247794262387537,0.021439872957258063,-0.048846511826427144,-0.04957287661223249,0.271637426181273
0.003988402429968119,0.0017828184313007762,-0.046631959067391496,-0.03314204884892596,0.08319929228829485
0.00981294593828566,-0.07816254150341538,-0.00769865677198943,-0.040232779649908054,0.003578977522385471
-0.006561710636808791,-0.063551194796508,-0.04103541234508157,-0.05673411234535954,0.029118541204793888
-0.014948300318792462,-0.030921302891025938,-0.03941203960372756,-0.029663114042098943,0.10949827350365618
-0.02032976240540544,0.015270262025296688,-0.05132684297859669,-0.053825098710755505,0.16606625417868295
-0.04105043717610993,0.005598151026979872,-0.002639995069904743,-0.0501596065679271,0.13121765563999743
0.014847432828641363,-0.04219316697812506,-0.06705798990359263,-0.031641092933049154,0.12776641654116766
0.07437188281781143,-0.015241291787889268,0.022320425241357748,0.04011730528954002,0.0608642084730996
0.10197896137833595,0.010026917327195406,0.10562775998065868,0.10145784635096788,-0.023801705489555992
0.015102007856162695,-0.03305964273078224,-0.032892419455143124,0.008081225875335244,0.036079878775546186
0.03581857233075425,-0.011579588885069825,-0.04293618361407425,0.0383477742143441,0.023158639334724285
0.009099839793634601,-7.276265969267115E-4,-0.04087490926031023,0.009521869556920137,0.025793847653403645
0.009630051363880435,-0.056359337146083516,-0.05881119016557932,0.019191637417922416,0.019235298875719307
0.0260706872989734,-0.03308875918284886,-0.028820881930490334,0.008310307645135455,0.033243884022037186
0.020334460573697772,-0.045863316471998886,-0.049710192397469655,0.037019285994271435,0.07274272351060063
0.006523480414346392,-0.009788381068834236,-0.021684204095176286,0.03132701687614566,-0.007392835138099534
0.05148084815591574,-0.04321431461721659,-0.06964902023319156,0.013600719743408263,0.12016410641372205
-0.007938621373956694,-0.023389538750052452,-0.08223993769463371,0.003920109819292145,-0.03388710621306125
0.022046678685001098,0.008024167618714273,-0.00975194331840612,0.02378862092155032,-0.00995075679384172
0.001942657312611118,-0.016054441271990072,-0.028758093125361484,0.015515171340666711,0.06920136883854866
-0.013094558283531416,0.02130651810633329,0.019920334375152983,0.022412576547746234,0.003873674819866816
-0.009780272284842795,-0.024565217187046073,-0.013068678206764162,0.027635797843686305,0.058484252193011343
-0.06358287658076733,-0.042462201963644475,0.027620886627119035,0.03931156282002727,0.053501955388734736
-0.038644407487784825,0.02342254266453286,0.04337902491291364,0.057122880965471266,0.02093423654635747
-0.017117020420052788,-0.04632715800438415,-0.004730747017840093,0.03722596115602011,0.057159938595511696
-0.08505729927370945,0.11387379102719326,0.023833976748088993,-0.07548792148008943,-0.22243946666518846
-0.03524180274042818,0.08187349026815759,-0.001559902810388141,-0.07290382403880358,-0.1323036489387353
-0.08903742364782374,0.045522841697675176,-0.019308284856379032,-0.03580607984622475,-0.12860764691140503
-0.03457542955752265,4.5473775557743816E-4,-0.05600201890159112,-0.013892313143095145,-6.661594245367899E-4
-0.06195146613754332,-0.0135131309798453,-0.08560285053681582,-0.04344186892558355,0.021430090491776355
0.01854940949540053,-0.04938532212483031,-0.07837867800013294,-0.011028756420793278,0.025386001515601362
0.010406198480632158,-0.03104990018764511,-0.09524279637262226,0.0015499014407396317,-0.005648893211036921
-0.004226846992969513,-0.01312917594332248,-0.13658736869692803,9.316578507423401E-5,-0.006609846651554108
-6.570283069529316E-4,-0.019907132383774628,-0.0715793720446527,0.004110484384000301,-0.027604443182512612
0.0015249395343874181,-0.008457174208680434,-0.06252129971315817,0.002724897182945694,-0.0044203150485243115
-0.021899091792018974,-0.03494436940287842,-0.05702404151944553,0.01720413924468791,0.056108527542913664
-0.04583233390003443,0.030769844353199006,-0.0315778948366642,0.01872582230716944,-0.023602940142154694
-0.02139016560145787,0.03156453111608113,-0.014174481787319693,-0.0016974288903708968,-0.04797680010753018
-0.010003723436966538,0.05297145608346909,-0.01596401771530509,0.0038445184472948313,-0.09195929765701294
-0.01163585005061967,-0.019087755986090218,-0.05327995999583176,-0.02330440726862954,0.014930575287767818
0.010118263478424134,-0.027948334048103006,-0.06530663695385945,0.023087558502863557,0.08331300610942499
0.0027392505268965446,0.01050939949761544,-0.024298448714294603,0.009995793591120412,-0.09044389559754303
-0.010875681717880071,-0.024945213971659542,-0.04488933365792036,-0.024884649715386332,0.019089420506497846
0.01722967087601622,-0.011374182269598047,-0.042504041277182596,-0.003944202652201056,-0.029773427771093944
-0.003184312514753805,-0.055452869549669596,-0.06553222825405774,0.0030987113843568494,0.047959440836200004
-0.033071590841493824,-0.048696225001053375,-0.01902795419499109,0.012625036909329621,0.07943282936784354
-0.014389408907542625,-0.04734651311965925,-0.036415476576491655,0.04402877923677719,-0.008148470538712684
-0.034495088970288634,-0.0206136621365493,0.005146433879748326,0.002298615872859955,0.01336935501207005
-0.021846267960167354,-0.04046527575701475,-0.055695928080240265,0.004400095270414437,0.08033494761080613
-0.0509527123067528,0.034218667540699244,0.008108824151956165,0.03186239185743034,-0.02546184587602814
-0.007314311870787706,-0.03280760575499799,-0.04207069730424943,0.017736540033688974,0.050947509085138634
0.010264064513400875,-0.014806751627475023,-0.04507456522498449,0.008188891055231745,0.058195686899125576
-0.02146349769706527,-0.012606235997130472,-0.0252676202605168,0.00906837483247121,0.01303698510552446
-0.010032250066825118,-0.017753721053640432,-0.03615929652005434,0.017587830133449573,-0.011563674833338995
-0.023958082947259148,0.020598674130936464,0.008644439776738485,-8.295425757144888E-4,-0.02867575064301491
0.006118189862095996,0.031109020273250184,-0.02245058883961878,0.010952295502647758,-0.03143582836185631
0.012456525170889039,-0.037888193422426976,-0.05785861514652005,0.004769795368282268,0.07975758841404548
0.023875916994606648,-0.044243634893344,-0.11166147257273014,0.008461331482976675,0.08290416804643778
0.009186701140909765,0.004087275437389811,-0.024711368527884282,0.013887375166329244,0.029211802330488958
0.009737764745402862,-0.049048650509896964,-0.05609849884229548,0.010033352136173668,0.05245265656370012
0.0030979622853919866,-0.02336918152868748,-0.026059763645753267,0.007183167990297079,0.03856819053180516
0.04120575243400203,-0.067886352720153,-0.057779628343673214,0.008777772179908222,0.027432768709129755
0.024326789813737076,4.056397515038649E-4,-0.05324213815232118,5.496880350013574E-4,-0.0035406292028104264
0.02071069005048937,-0.027652150485664606,-0.048132254017723926,0.006139786797575653,0.035326479002833366
0.012067922594724223,-0.0037392536469269544,-0.03931653955078218,-0.023112270719138905,-0.01235852378886193
0.008171110111288727,-0.015883254213258625,-0.013533718534745276,0.012648285645991564,0.00964379794895649
-0.10850928021994019,0.09519418388871209,-0.011245946104671539,-0.06723247069333281,-0.03779936994292906
-0.1606305172810188,0.09887431862835701,-0.07001258432865143,-0.13163868495478082,0.002638405296378411
0.013447789056226612,-0.03109844019636512,-0.0178540475666523,0.036606897599995136,0.06104700863361359
-0.013782599606201984,0.022548285080119967,0.028084785561077297,0.03456429298967123,-0.006223330437933328
-0.008696156146470457,-0.031786179199116305,-0.014900897251209244,0.013739513329710462,0.06969579064752907
-0.0018915265649815814,-0.006946298953456183,-0.018430420275156695,0.029692650294034843,0.03436516866915756
0.04741628617048264,0.005960626900196076,-0.025105492398142817,-0.03405787795782089,0.0059045046567916875
0.05093146217140285,0.057979855411262674,-0.0016091107814149423,-0.006419296302324669,0.011024382896721363
0.0411619085832225,0.006617909078212345,-0.044468940619160145,-0.007000615820288658,0.005101080764742459
-0.011658010608516635,0.005876931780949235,-0.002155731525272131,0.0463230038061738,0.021984123997390272
-9.89115983247757E-4,0.00724076673698922,-0.002101794940729936,0.03475510023223857,-0.0197098138431708
0.029748647163311638,-0.016249420198922355,-0.03407998914675166,-0.024431224936658204,0.0990845109821142
-0.008485807136942943,0.02091646767221391,0.010304108262062073,-0.024537007355441648,-0.023024797237788636
-0.00517051372056206,0.037944882370841995,0.040796210019228354,-0.014343732967972755,-0.08290190404901901
-0.12232221243903041,0.03444466309156269,0.054169049952179193,-0.10559997201198712,-0.11184311856050044
-0.030126072499634962,0.005919640476349741,0.00422298808449081,-0.019946397606482993,-0.040571190616382015
-0.05763291462833021,-0.050211211146019834,-0.0259278242900858,-0.059716381543480294,0.08838664736215245
-0.001173183263745159,0.01122064267838141,0.0087344485509675,-0.0010877641616389155,0.028132795760029694
-0.006302837991494347,-0.03820676881481301,-0.039253045889464294,-0.04292658655057577,0.0746584732762792
-0.03251979969949885,-0.061698913923464715,-0.040498468855565246,-0.029553423656828025,0.1110216189514507
-0.011159471954063822,-0.05912615164803962,-0.04953878031422694,3.653776560289164E-4,0.07144053666464363
-0.05767856964043208,-0.04283163510262966,0.01477298406617982,-0.08689211974186556,0.0959047047155244
-0.032300634076818824,-0.019686740312653668,0.006067523195479925,-0.0336831387024946,-0.004089493752242281
-0.18521518395705658,0.06964263311502608,0.17696255818009377,-0.2296348139643669,0.13125125132501125
-0.023182845331676718,-0.024699411175485388,0.019803193902286388,-0.05335486959666014,0.01284665334323007
-0.10266477110174795,0.04901512376576041,0.0538874107102553,-0.15751326487710077,0.0014762453113993008
-0.06046052573418076,0.05203112722797827,0.04846301480111751,-0.09478187323971228,0.0072607198222116994
0.03540784964123025,0.00856087444565044,-0.01118091970252303,0.013993108537621224,0.007823211158840703
0.05542939020177493,-0.015298881218768656,-0.047759952811667554,-0.008254791144281626,0.04877075776815988
-0.015597688392377818,-0.03357502524830545,-0.07645915656422193,0.007334649544925644,0.030209292872593954
-0.046957356358567875,-0.006190871501651903,-0.03586299183468024,-0.004561868247886499,0.0481250898912549
-0.014243385568261147,-0.03951602606102825,-0.10367082506418229,0.008217364107258618,0.061975964531302455
-0.019049622605300763,-7.13115388696844E-4,-0.04405080736614764,0.022874203447083182,0.04514093129810962
-0.025209971465907678,-0.013582463201601058,-0.06834890305375059,0.03286001421899224,0.0026832220998282232
-0.009425985300913453,-0.032115816976875065,-0.054759482480585576,-0.003079564729705453,0.047200518881436435
-0.058400455463145456,0.016005785204470158,-0.08029671226228986,0.016830355328108584,-0.01652329321950674
-0.018566021588272773,-0.025062457658350468,-0.039399531275893636,0.005104922904418065,0.029946851329161573
-0.03552936930030298,0.01990629954693409,0.0038676465483149514,0.02789858366864232,0.03946922407843746
-0.012660184952740867,-0.05521242693066597,-0.029212968113521733,0.03941567117969195,0.16476502983520427
0.05887208102891842,-0.02185313743797855,-0.06857473548087809,-0.011397596034738751,-0.017119163181632757
-0.01805319469422102,0.0061398824832091725,-0.022552524258693057,-0.0017614879955848057,0.028205281806488833
0.019877413025824353,-0.03382847072013343,-0.051839959768888846,0.01398316512738044,0.0852180133612516
-0.01720078682216505,-0.02970687666287025,0.011198384935657182,0.013854928718258937,0.03299799021333456
0.13473392128944398,-0.043179497559322044,-0.2524377256631851,-0.048199551901780074,0.1362668164074421
0.022142388866216476,0.0018009704404643603,-0.06046239614287125,0.017969904072482935,0.030712227120862474
0.11054853282191537,-0.08884306984360922,-0.21513909490948374,-0.02844804292015562,0.14804897296496414
0.13473392128944398,-0.043179497559322044,-0.2524377256631851,-0.048199551901780074,0.1362668164074421
0.1345008970661597,-0.09624790185956623,-0.23895986005663872,-0.026162018279799006,0.19316082109104504
0.06017408552725101,-0.05162700131768361,-0.13991623639594764,6.566687079612166E-5,0.10517195228021592
-0.2601261168718338,-0.02749570356681943,0.11875757463276387,-0.08336093632970006,0.04823421882465482
-0.07389200220887478,-0.012618771825845426,0.033239653056415804,-0.01953797127442578,0.009974378859624267
-0.25943047451702034,-0.030945580114017834,0.11677876216444102,-0.09208051144907421,0.05063741518692537
-0.2118656641493241,-0.027365331538021564,0.08699117578604879,-0.07785458994718888,0.039894153364002705
-0.04974555883270044,0.05904839460093242,0.07070443664605801,0.11491738315313482,-0.0677159306091758
-0.05364098120480776,0.06775629493807044,0.07342012665633645,0.13884305022656918,-0.08182600885629654
-0.024000313627766445,0.03359180685947649,0.029089221672620624,0.06265974318375811,-0.05060544720618054
0.16849958275755247,-0.02926657027176892,-0.09988929498940706,-0.0301397153797249,0.2574226200580597
0.07900236054722752,-0.006441846722736955,-0.01965859149848776,-0.02056786775522466,0.2309696627780795
0.1609595139966319,-0.027533741732922327,-0.10371446450624396,-0.029936796245986923,0.2710254174821517
0.023197407018896603,-0.003691449843566207,-0.03542832668651553,0.03556063313804129,0.015182870082379155
0.0019426335580646993,0.02268916335888207,0.026767581800231713,0.03276435972657055,-0.055232677096500996
0.013915450175238006,-0.07617089683737825,-0.0019827823647681404,9.786415680804674E-4,0.06613885271636878
-0.05103438019674892,-0.036681116733234376,-0.013751855120062828,0.04905503825284541,0.016137677322452266
0.021218905846277874,-0.03850960141668717,0.03200255126381914,0.012988466148575148,0.026249592502911884
0.021218905846277874,-0.03850960141668717,0.03200255126381914,0.012988466148575148,0.026249592502911884
-0.03741466600654853,-0.04273865604773164,-0.003245667787268758,0.004833443258475098,0.06342891148395008
-0.01827299279662279,-0.0545546718998454,-0.0076305754572296375,0.01911072938058239,0.07252675459648554
-0.05043080747127533,-0.08022421803325415,-0.021772268344648182,0.033024242392275485,0.029538125544786454
-0.016489305533468723,-0.005226823796207706,-0.001208402852838238,0.007583727470288674,-0.024362629279494286
-0.03678566844700981,-0.03954763105139136,-0.004515641136094928,0.02444267924875021,-0.01350407674908638
-0.018076349049806595,-0.03305005380285105,-0.012442743106346044,0.035499710689431856,-8.760138547846248E-4
-0.013826213777065277,0.03930205386132002,-0.021724354475736618,0.007052484899759293,-0.07521238659198085
-0.0599506429862231,-0.058210849658482604,-0.005034601522816552,0.015687869092087366,-0.017865989305492904
0.025976967689690784,0.026439916904029602,-0.0218498899245306,0.08163076886729173,-0.02119478555944036
-0.10505812249279448,-0.023047441766331236,-0.006883475563621946,-0.004890745713575078,-0.06882600413518958
-0.12489784894777195,-0.04647796900410737,-0.02063813047217471,-0.0020858791623530643,-0.08550780905144555
-0.09463334269821644,-0.04794565150223207,-0.024481321779603604,0.0023446443083230406,-0.04232644848525524
-0.07925499090924859,-0.03180396617116297,0.003972458214882542,0.0190035887678866,-0.04820409543154871
-0.1387975427787751,-0.039018345763906837,-0.015572723932564259,-0.0034403779573040083,-0.1283909744815901
-0.1465188044068568,-0.0407564064816517,-0.0029105419731315445,-0.006465293778627015,-0.04869934768580338
-0.00241733748310556,-0.04848153768107295,-0.03732418877383073,0.028042498820771772,0.017733211815357208
-0.0375700428703567,-0.042085429740836844,-0.024738327600061893,-0.0024604454811196774,0.07431173138320446
-0.0471621259348467,-0.009523812856059521,0.04025909857591614,-0.010239642317174003,-0.015451498155016452
0.006829779769759625,-0.03212281105601612,-0.02565197547322468,0.016133188341935986,0.052949724445009935
-0.032496143504977225,-0.044144964404404165,-0.019419508427381518,0.029716746718622747,0.030971994437277318
0.0075567577838559045,-0.027782881420783022,-0.047743865331126886,0.013530343559316614,0.016157328997823326
-0.0437649916857481,0.025205417602722133,0.024220604981694902,-0.008046778118503945,-0.0212227925658226
0.0017789482371881604,-0.0483581944135949,-0.05625035706907511,0.022644724987912923,0.04132539829151938
0.015725422692908483,-0.0046761850932274356,-0.026798954614522783,0.022790508027273147,0.010922412557358091
0.0037693474635792272,-0.008549987736235682,-0.0430048086370031,0.0041741938136207555,-6.075705556819836E-4
0.014115167206481975,-0.032934639986385315,-0.027600955889176795,0.01334117941887063,0.02777883837766507
-0.07922504013615915,0.017094384794208137,0.07845300334421071,-0.024576117242263124,-0.10199242136017843
-0.0323835292365402,-4.3320353142917156E-4,0.06364201208237898,0.02326157742010599,-0.06699549017304723
-0.06010349547224385,-0.08687938776399408,0.050033076001065116,0.011214068359030143,-0.042560130889926634
-0.047373290067877286,-0.06260748584331437,0.06753166824769737,-0.01677729832855138,-0.03644707011566921
-0.06558979988330975,-0.06687071595030526,0.05173443571353952,-0.023556334362365306,-0.0971545989314715
-0.06022218259220774,-0.09188061884858392,0.08995506878603589,-0.03188659775663506,-0.2339216453785246
-0.059265629896386104,-0.08005844920196317,0.06661468659612266,-0.012643273750489408,-0.07463186471299692
-0.002561594081473433,-0.10641339866884258,0.009805610299938254,-0.014275658448847631,-0.017419648925877277
-0.00666733638250402,-0.03545439702325633,-0.08877105691603251,0.004546729881050331,-0.008591584861278534
-0.05661715350685303,-0.021107682429084725,-0.07431178192862056,-0.007914763790639965,-0.08257783424447883
-0.04282054132116692,0.0017804728455043264,-0.010500883974600583,0.024738161525289924,0.01815695347197886
-0.029678341932594776,-0.04906464701231856,-0.021363186470877666,0.03545828693761276,0.08937762477076971
0.0067202354781329635,-0.051417912368197,0.020603273482993248,0.05497369044460357,-0.0679058846202679
-0.013669034582562745,-0.004663642196516905,-0.02399411385080644,0.02308801345809895,-0.004052287067419716
-0.03859612222004216,-0.06841662684018956,-0.007774539873935282,0.043143925271579064,0.011575009149964899
0.02875209922591845,0.04961937696983417,-0.005255458985144893,0.03354209990551074,-0.03142448912064234
0.024551637501766282,0.008948921350141366,-0.04206922333687544,0.019291645754128693,-0.011339911461497347
0.014357493591627904,0.030011974541204314,-0.015296078445057251,0.047157636078606756,0.028057916780068935
0.013664732745382935,0.03316259616985917,-0.04803860490210354,0.06002866383641958,0.057421581353992224
0.006520573315875871,0.010448675469628401,-0.02300616892586861,0.03398831724189222,0.005792764447895543
0.015991621052048034,-0.006265368711735521,-0.012173392244481614,0.04008807414876563,-0.005926803452894092
-0.01784201730749503,0.014442445909870521,0.010813651839271188,-0.019287406167547618,0.05728473471078489
-0.01353376256090335,2.6408500376750123E-4,-0.03426091072403572,0.03353715711802414,-0.0058797025545076894
0.050274448345104854,0.04121481778565794,0.018312161260594925,0.06754140195747216,-0.10241377825538317
-0.01218217615810731,-0.01186144021763043,-0.014174974661066451,0.037628379819745365,0.01890433799814094
-0.10177088895237402,-0.03156885651268942,-0.022579055457540294,0.012339275248129578,0.024351565331658897
-0.031920952120951064,-0.04625130022274485,-0.024062494854054723,-0.0027232185627023378,0.10588488976160684
-0.022108470710615318,-0.06007798632296423,-0.02714265330384175,0.02762174781722327,0.045760788520177204
-0.010650559845897885,-0.0262450384390023,0.008695863523624009,0.10251283273100853,-0.004838843933410115
-0.01045354399830103,-0.02886505691955487,-0.025862306899701554,0.0021423363437255223,0.04466029275208712
0.03971454205636222,0.05914474355701644,0.020471565819417056,0.05025251847333633,-0.04121768272195298
0.013253691344289109,0.0017293176206294447,0.002507554522405068,0.0059218515040508155,0.03482168839642933
0.03872681665234268,0.0331287135835737,0.012486506788991393,0.04863977143540979,-0.008636188181117178
0.10237142182886601,0.06249274071305991,0.04945466397330165,0.007577737979590893,0.16971594877541066
0.015400980097183492,0.03812739849672653,0.01917439502722118,0.028627736610360444,0.04214724391931668
0.0037428338352280357,-0.00419302637844036,0.0029243482794198724,0.01584115513186488,0.070674829909371
0.11700813787885837,0.014939328552120261,-2.69583115975062E-4,0.38282265679703814,-0.11296140402555466
-0.03106797147880901,-0.07188698725605554,6.345995670099827E-4,0.10540603456849403,-0.08276916153474966
-0.018914587895518965,-0.04789458301716617,-0.056643863973606906,0.02579141797364822,0.016120486560144594
0.02436797725968063,-0.05209856126457453,-0.05565273826941848,0.018094191793352365,0.04206935577094555
-0.0039631677500437945,0.02050120709463954,-0.007059077208396047,0.024946955614723265,-0.019655222538858652
0.0026691317120019127,-0.04172212959212415,-0.0682608704904423,0.003123629673877183,0.05805248230257455
0.01928502059308812,-0.040019062771038574,-0.07444053143262863,0.04116279936649583,0.05343593809414994
0.004536855189750592,-0.006301745430876811,-0.054975143261253835,0.011989737612505753,0.021840014215558767
-0.049045135080814366,0.02954041035845876,0.025536502851173284,0.038317982130683964,-0.04404359445907176
-0.029150156459460654,0.036761903048803404,0.024602283128640715,0.045629755412745804,-0.049073095019492835
-0.02185898936457104,2.0931852567527027E-4,-0.028090423516308267,0.011086284700367184,0.0011353291985061432
-0.02411556791048497,-0.010300156117106477,-0.037741983257648014,0.015429468864264587,0.014295638319001429
0.003977489458130938,0.03249050557081188,-0.05482149576502186,0.052563897167731605,-0.03214477563077318
0.030263622291386127,0.05596347711980343,-0.1311730369925499,0.05181331280618906,-0.03800351545214653
0.005637675477191806,-0.0399247756227851,-0.13076183823868634,0.024025264475494624,0.02551286232774146
0.005515642379495231,0.003924850755455819,-0.05739840361374346,0.031869842586192215,-0.003318948882885955
0.012703901622444391,-0.034306833520531654,-0.06385915991850198,0.022351923203677872,0.049051629938185216
0.011624965422715133,-0.02663940667676238,-0.08942987153736445,0.021256124421667594,0.016223390515034016
-0.11315205653331109,-0.04830149561166763,-0.013270708599260874,0.13105348737112113,-0.04018054837693593
-0.07079598779091612,-0.046998200778034516,0.0023460580850951374,0.055370110290823504,-0.004095275609870441
-0.08282646935226189,-0.07136436246542467,-0.026701736412683707,0.0862765982262014,-0.0030377460902349814
-0.08961222325451672,-0.09092832605044048,-0.029423363444705804,0.10571543828118592,0.026453533178816237
-0.1040904557414572,-0.07568271425278748,9.592408793704474E-4,0.14746234576930017,-0.03051793635548914
-0.12021166914039187,-0.0651672635641363,0.0028944955103927185,0.17283114123468596,-0.036380698076552816
-0.06692942713076869,-0.05803816281129709,-0.005449784188790039,0.10312245500325742,-0.019152222744499642
-0.08573549283160405,-0.08072394235271284,-5.337018413807858E-4,0.09770691200074824,0.009032878432084213
-0.08739223144948483,-0.04781708593034874,-0.020206195521219026,0.07243114476011175,-0.027059037886236023
-0.08419522832587568,-0.06261872727837828,-0.015524109773751762,0.1330973660159442,-0.014337124330470234
-0.10225265046271184,-0.05665732376898328,0.0067314529248202835,0.14813383171955744,-0.02186774097693463
-0.10244152310770005,-0.07701011653989553,0.00605836373870261,0.15565046792229015,-0.048023184101718165
0.03866402741818762,-0.0030455611290802296,-0.006068754377529809,0.05821283896894831,0.006201361416299876
-0.011518591565878263,-0.046356311200984886,-0.09801486347402845,0.059711498075297895,0.04606752110911267
-0.0665287338818113,-0.048374533156553906,-0.08231542049907148,0.12935157826480767,-0.016784776545440156
-0.06493367503086726,-0.0707796519001325,-0.0994788203543673,0.12863831977980833,0.011064594937488436
-0.004481264771046964,-0.030125498306006193,0.015522746877236801,0.0051035608418963175,0.019879468441517518
0.005914790534389842,0.014618491545613658,-0.004562226785837035,0.037631665861944816,-0.0077129559327946285
0.00214200712636941,-0.041294316127378904,-0.015117758600455191,0.030317121004271835,0.04314407853720088
0.03852577006909996,-0.03081470704637468,-0.008197359697078355,0.03922126011457294,0.009836815297603607
0.020105670314348702,-0.02795209689065814,-0.04009520312372063,0.02538026382015752,0.048844756691583564
0.031259633497231536,-0.04264226842982073,-0.06681603713271518,0.013930115434858533,0.048649817886244916
-0.02203041675966233,-0.009007287056495745,2.1935254335403442E-4,0.017251981267084677,0.04329379306485255
-0.038215808971371085,9.183541664646731E-4,-0.005925016012042761,0.029079562285915017,-0.029572973545226783
-0.06119020517993097,0.041292994377380675,0.031116732839672336,-0.0025028034579008818,-0.06245200114235991
-0.028478638438338585,0.001994213795776225,0.004900744544680823,0.024357014780186793,0.031658294166184285
-0.030005339345035072,1.4119217387185647E-4,0.010938049365694707,-0.0011158530564548878,0.05233674442682129
0.004025319342811902,-0.03233704222366214,-0.052053623553365465,-6.700639923413594E-4,0.08170833562811215
0.02721613217727281,0.020547531021293253,-0.003504126681946218,0.04401516352663748,0.06448587286286056
-7.588639564346522E-4,-0.0026868873198206225,-0.019776264554820955,0.01699314716582497,0.023833136565776333
-3.871658949979714E-4,-0.0017993954409446034,8.257701327758176E-4,0.006844896424029554,0.07532227198992457
0.006430671478693302,0.0035496846898100697,-0.0011770232097030834,0.035397098829539925,0.07594163178537901
-0.08724599508568645,-0.06996286767534912,-0.049424330424517396,0.08621947313658894,0.07416811157017947
-0.17249215642611185,-0.027952273686726887,-0.02535617848722419,0.26242500419418013,0.1733536881705125
-0.10954839686075082,0.0648742554924236,0.01805963880570534,0.14909410405044374,0.049411082926851056
-0.07633181689016055,-0.04713759713922627,-0.025928599572580424,0.0824487037025392,0.08739546744618565
-0.015339603314974477,0.05642035643437079,0.011949968690584812,-6.0548706512366017E-5,-0.03125342407396861
0.03133470454849885,0.01234195068536792,-0.00978077964100521,0.022053302425774746,0.0031828755963942967
0.0172101438511163,-0.0030989939243429234,-0.054698351977599986,3.388841206388962E-4,0.026714280247688293
-0.00870494863621014,-0.05262398676645449,-0.04570140399257926,-0.00221670010839315,0.07021975476185188
-0.008517664472142665,-0.031642991941995345,-0.02220986719028308,0.01193326314051564,-0.010521643401051944
-0.004360193334933784,-0.012378463314639196,-0.048318613566354744,-0.00773978517908189,0.01744902216725879
0.028315776580711827,-0.05424116551876068,-0.051369549430091865,-0.016764332045568153,0.009393910426297225
-0.005738847656175494,0.030704081570729614,-0.02188070360571146,0.03661147840321064,-0.017704692855477332
-0.007767046085343911,-0.02075601240190176,-0.05496515856625942,0.005554290828653254,0.03810033531716237
0.015698051700989403,-0.007353913388215005,-0.03527541797504657,0.002270569766147269,0.0035877968572701016
-0.021068906149594113,0.006970470063000296,0.001796861314990868,0.021206633381855983,-0.012641131077543832
-0.006451103091239929,-0.01767539829015732,0.026635843981057408,0.04222977794706822,0.030321402102708818
-0.05684453593567014,0.03369686643127352,0.053415536507964136,0.0726085502654314,-0.04160582572221756
-0.07203172065783292,0.0522670009668218,0.02612797264009714,0.05956214724574238,-0.10369271552190185
-0.08679243476529207,0.056279042070465427,0.08137261129117437,0.06514150988576667,-0.1946108676493168
-0.10902392757790429,0.061938998954636705,0.06520870327949524,0.0730841907539538,-0.15462187651012624
0.03010139483547605,-0.033803023240419436,-0.07932402288048145,0.014515112373320494,0.03370093551519163
0.010440623573958873,-0.030149350687861443,-0.073292216937989,0.02869450153472523,-0.00503970223168532
-0.011570901609957218,-0.0278971498732322,-0.07941819028928876,-0.0160172133639987,0.021292838933212415
0.018050284755493824,-0.014068940431267643,-0.08824861453225215,0.01863269416692977,-0.020899886459422607
0.010923941681782404,-0.03280985960736871,-0.04221962491671244,0.022592558083124457,-0.013458392738054195
0.003127854705477754,0.011340850808968145,-0.033511940234651164,0.06265870636949936,-0.062432368829225496
0.02898406668996009,-0.020747042350614302,-0.04669709433801472,0.027207412553252652,0.030692681598548707
0.05491703534498811,-0.028593395464122297,-0.07403231821954251,0.058569399360567334,-0.0038685430306941273
0.041445585627419256,-0.029470127106954652,-0.054754239320755,0.04320381620588402,0.05048072831705212
0.00954951043240726,-0.03144220885951654,-0.05761825165245682,-0.002936542790848762,-0.0024402206181548536
0.04809113052518417,0.03895721506948272,-0.05218924946772555,-0.07347632975627978,-0.20109637630715343
-0.05863230302929878,0.025303169253415293,-0.040563549114657295,0.0030194479789185736,-0.11493957315438559
-0.02502540044952184,0.012095130165107548,-0.03244014837400755,0.004526141470705625,-0.04898858879460022
-0.12372371037490666,0.0034119191579520705,-0.019962577987462284,0.01767843058332801,-0.1419043220579624
-0.1234416105887956,0.05142616697897513,-0.039869398809969425,0.004934179907043775,-0.24210717197921539
0.09798479912181696,-0.09130014187345901,0.025482458369030306,-0.022869755141437055,-0.3285592397054036
0.043151808669790626,-0.020432907806631796,-0.012372509964431325,0.020026996770563223,-0.056204264013407126
-0.004297209713100033,0.05386584630998021,-0.009039374999701977,0.036411574173888024,-0.01844691237916281
-0.0211395552704254,0.028133876800823673,0.05834434719648786,0.04724036159817703,0.01783152616049987
0.040676687440524495,-0.05310893002897501,0.06236863877857104,-0.09233831738432248,-0.31752368609110515
6.617477261706402E-4,-0.047005719094733264,-0.009457508984364961,0.01841394053036837,-0.03734385372923785
0.013734092493541539,0.04752313885837794,-0.02994811609387398,0.04501743009313941,-0.07611713544465602
0.007706575538031757,-0.025728068908210847,-0.04856450986117125,0.01719265669817105,-0.026180498953908685
-0.033918322616955265,0.009903963044052944,-0.05140879823011346,0.014973170822486281,-0.038819158682599664
-0.0162473740902814,0.012010560497980226,-0.042202863334254784,0.04673605623909018,-0.031846280421384356
8.879322558641434E-5,-0.02033596590626985,-0.020287565304897726,0.022470249937703978,0.03843868051010829
0.010296689167332191,0.005344235320360615,-0.03230211317825776,0.018711015367164064,0.013468680473474357
-0.0025501317732656995,0.002587295758227507,-0.005014438228681683,0.041594559947649636,-0.004343786338965098
-0.034659911516226,0.012256276483337084,-0.03684003821884592,-0.02304077205351657,-0.05539832780292878
0.07601261905887548,0.051026625202640015,-0.06106993692639448,0.012425626847235595,-0.0774502423728871
-0.01951649785041809,-0.014640481748546546,-0.018055731573930155,0.04046785247583802,0.009200204889146755
0.001208071007995921,-0.020927997203269863,-0.025632562410250744,0.03600105609374998,0.042398072560043895
-0.028620989420093026,-0.027983533415513545,0.002124139859985847,0.06073044115104355,0.01856432276634643
0.014361420371146365,-0.0050393437691540885,-0.034481030042198574,0.03798690086907961,0.028259179131551224
-0.02449038450140506,-0.02122367438278161,-0.021363646126701497,0.05046456668060273,0.0018573908600956202
-0.016836952279499242,-0.027527583851700736,-0.0153810360657406,0.03897736984349432,-0.018922680013236545
-0.02855635653523838,-0.03272609067532946,-0.019254985128474587,0.04577320082770551,0.013078011599752833
-0.01596577743399202,-0.04434316301424252,-0.028672571735162484,0.0480493553178875,0.03536263637636837
-0.015576095362617212,0.01315344104924324,0.01714979230680249,0.031194588508118282,-0.055892887567593294
-0.036943224438635465,0.03812707971188833,-0.001326367724686861,0.03404089677232233,-0.02098168954464861
-0.04519888741726225,-0.019417643568224528,-0.01049580674787814,0.031193606851791796,-0.038206025661731306
0.00309530266231912,-0.01355299016679911,-0.031013691647197392,0.03341702284181819,0.024773230125634548
0.0375590306133605,4.325242748913857E-4,-0.03566836229024025,0.020020337094767738,-0.009824192814099101
-0.045176829876644266,-0.006542824009167296,0.0026542951735401793,9.169761823224169E-4,-0.006020071616928492
0.0251151587581262,-0.010808018269017339,-0.031490589724853635,0.038678380311466753,-0.006673713680356741
0.04833725404639084,0.0018417850638238285,-0.04409948308379032,0.03323002596600698,0.020613888565164346
0.023480693762063642,0.016128811985254288,-0.022253204221752556,0.030812239927895876,-0.05319327446208759
0.06875063975652058,0.05818782995144526,-0.02379550536473592,0.059755969792604446,-0.13634341831008592
-0.014965619549483937,0.015786561074064058,-0.013857446008307092,0.038138733848052865,-0.05089038544717957
0.06432787449531523,-0.04256067943892308,-0.09871481119522026,0.03250913288710373,0.06545470543538352
-0.0015125999759350503,4.542320966720581E-4,-0.040511508605309894,0.017006227048113942,-0.014911106122391564
-0.024014842794993177,0.042886754856086694,-0.029943063559655387,0.03677499407114318,-0.010691195296553466
-0.03694331180304289,0.01313568813548911,-0.027472745050631818,0.043474057434304124,-0.035968037078245765
-0.057030143158044666,0.03258622612338513,-0.008989756563096307,-0.1385315313236788,-0.20346231723669916
-0.024203999648587063,0.011947253132418085,-0.04728331997130926,-0.032130029231596455,-0.04591034549789933
-0.008368454274854489,-0.008588043873065283,-0.028464983206331018,-0.0063961268114369535,-0.007909606621112852
-0.0366203041577881,0.04919890052935278,-0.018993213270071217,-0.026028325844725426,-0.08887047238055278
-0.05915951258502901,0.020516537921503188,0.10056017048191279,0.022031481191515923,-0.07537617757916451
-0.04418293450726196,0.02722781925695017,0.08085884239214161,0.022778971140117694,-0.07600338766739392
-2.4062262049743107E-4,-0.009233130208615745,0.045149158669768694,-0.011722805128166718,0.028143417622361864
-0.06156636940431781,0.04400930454721674,0.08355252421461046,0.051911227907112334,-0.10061584779759869
-0.02964210186785619,0.03496380931963878,0.09586349754993403,0.015960587820570384,-0.057568813141967566
-0.022552816590177827,-9.767507144715637E-4,0.05140515344101004,0.026291608020983404,-0.028139911642938387
-0.03426462091091606,0.026637646376103576,0.05456867970577958,0.04089890027211772,-0.06947878401519524
-0.053884454736752165,0.028473552050335065,0.13707276353878634,0.11644847744277545,-0.13377703273934977
-0.03579070959240198,-1.5997702333455285E-4,0.03795450441539287,0.024241164419800044,-0.05075575097774466
-0.051856007252354175,0.005578001243217537,0.07169542581929514,0.0353620576497633,-0.05242951354011893
-0.05864717616614971,0.023822894235226242,0.1028075935319066,0.0405150571922687,-0.0946271118961952
0.02241327613592148,-0.03573872981360182,-0.07950847616302781,0.007479293000263472,0.03970879882884522
-0.035925107672273256,0.006092111678579106,-0.011003741134817785,-7.259608604587042E-4,-0.04366374520871502
0.022156280132808855,-0.02032268133812717,-0.03940151660104415,0.02587918491501893,0.017490264011680013
0.009250255430945091,-0.016729659866541624,-0.027606438263319433,0.04191543016996648,0.0208842016549574
-0.014375605707755312,-0.012992738280445337,-0.030399939976632595,0.02714253612793982,0.016845541744260117
0.0299154806157781,-0.009473265329789784,-0.03251874281300439,0.05351532739587128,0.006370357017860644
0.006911998909587661,-0.03266896580656369,-0.03379830007130901,0.008327216701582074,0.017355776100885123
0.016212531088967808,-0.06686678167898208,-0.0209498712210916,0.0029629610653501004,-0.023587426461745054
-0.017644683830440044,-0.012519019465385512,-0.019114920467307624,0.016750238317234274,-0.01508524611497044
-0.019966371546615846,0.012033875216729939,0.0012392473290674388,0.03138517980308582,-0.03434827803478886
0.009397522856791813,-0.018254797233061656,-0.0018240026094847254,0.04895656292016307,0.014314008773201041
-0.04566141706891358,0.017989909412184108,0.04778030920230473,0.03963483373324076,-0.06019833410391584
-0.0139758859295398,-0.011984276333047697,0.00382784391210104,0.06798051464526603,-0.01409551640972495
0.019664520281367004,-0.005459013860672712,0.01458310626912862,0.03632001404184848,0.023725167382508516
0.019619374919463608,-0.05373181391726522,-0.04534796965034569,0.02330427089541712,-0.017555003328358427
-0.004152618221599947,-0.020426126281646164,-0.012954610738564621,0.030370516279204327,0.010770832061428915
0.022661187255289407,-0.029212515195831658,-0.05005931751802564,0.04443105206883047,0.04594925292767585
0.02861096458330464,-0.013130770136530584,-0.02568641629141684,0.014985484877028145,0.016814755419125926
0.004363338618228833,0.009446837706491351,-0.03342927993896107,0.037866804469376805,0.022017664772768814
0.045127939283182573,0.03711170427102063,-0.0037040808903319494,0.06898398870336157,-0.0341653846470373
0.019506226360265697,0.013222085677885582,-0.01804743640656982,0.04267605194555862,0.005270299634763173
0.03243482239486184,-0.015186860458925366,-0.009848280460573733,0.0512300287373364,0.0013767736963927746
0.026521819022794563,0.056354857835685834,0.03023094206582755,0.030944970164758463,-0.1252237664690862
0.028888565255329013,0.01778047650877852,-0.02700903037330136,0.007155223353765905,-0.02839728130493313
-0.005844497456564568,0.03392941350466572,0.026424073934322223,0.010404575732536614,-0.07350555079756305
0.019131505109656315,0.014165931596205786,-0.008502383214923052,0.02395701723603102,-0.01504785019474534
0.00829264442224733,0.0044877985598180785,-0.03093298909847032,0.002860722386024215,-0.03373541428961537
0.028716222941875456,0.003673954742650191,-0.010198576282709837,0.014508107599491874,-0.039926359135036664
0.07785311680183642,0.011782133237122454,-0.02501399820256564,-0.001832695755486687,0.025785520171565518
0.01991552338004112,0.021613899758085607,0.015802656766027212,0.022030062321573497,-0.017904921147661904
-0.0018907831981778145,-0.03890687312620381,-0.023951131753468264,0.0028173429115364947,-0.013873242035818596
-0.003797171390033327,-0.00909086388128344,0.004179643670795485,0.014737323625013232,-0.02533522831799928
0.018059774488210677,-0.050066090375185016,-0.0206337901763618,-0.00441783769056201,-0.02226272337138653
-0.0043306782967052785,-0.0362209459193624,-0.039214203134179115,0.0390042568055483,0.04561875044153287
4.6555801398224297E-4,-0.009267755137342544,-0.007002887367788288,0.03430451814913087,0.10282244184054434
-0.01009891348076053,0.015669890301069245,-0.06808876059949398,0.0171685886598425,-0.01000487629789859
0.014908103145320307,0.003701210561716421,-0.026429176330566406,0.06976464509286665,0.051240289668467914
0.1204726777970791,-0.007685103639960289,-0.002889897394925356,0.08366809412837029,-0.23622403144836426
0.007029173921586738,-0.023842188283904556,0.00447149325757184,0.051876268504808344,-0.1190064321045712
0.033222740122045465,-0.03696428038752996,-7.964834714165101E-4,0.07895101277300945,-0.07165607845840546
0.020659345486718748,0.0013193121154068245,-0.008550178220806021,0.0604015333034719,-0.0815805568644363
0.08017375547206029,-0.035787368320598034,-0.011879194964421913,0.05707747430278687,-0.14349833590677008
0.08806771268912901,-0.018850555022557575,-0.022831148545568187,0.06633276911452413,-0.198618125791351
0.021372799320440544,-0.00501962026924287,-0.0013629076144609012,0.05584081166766976,-0.08781578428553123
0.09205448552249716,-0.03403555673475449,-0.03727150529336471,0.04622496120058574,-0.1618402541543429
0.060360798273574226,-0.15334365855563772,0.07102445807223293,0.23717167973518372,-0.5140170102769679
0.04590110258700756,-0.10718721681489395,0.06774141413804431,0.2069992944598198,-0.4526859963169465
0.04798319505957457,-0.1199301971265903,0.056319736857683614,0.19478622737985393,-0.4474328274910267
0.03572203167520153,-0.09754568827338517,0.06939413280148679,0.19760688363264003,-0.42924463702365756
-0.014824222587049008,0.004157379409298301,0.060103663336485626,0.06471880455501378,-0.2066737454093527
0.036789958365261555,-0.10510305882516233,0.025213515343652532,0.11586266959255392,-0.298738686198538
0.02642853362744467,-0.008315068708422283,-0.06950706322418733,0.01608242467045784,0.021714234362459842
0.05562448656807343,-0.012984469775498534,-0.23344148012499014,-0.05669532510607193,0.09108276354769865
-0.010677768227954704,-0.0014416668952132263,-0.08500565549669166,-0.0313176143875656,0.06317830939466754
0.031988486963590336,0.06336962401733866,-0.056419198837829754,0.0018694085301831365,-0.02206107501738838
0.003333001669185857,-0.00619223170603315,-0.08916478479901949,-0.0037628369755111635,0.06511413771659136
0.021136178448796273,0.0381341471336782,-0.06940730132628233,0.02018850730964914,0.0034833967685699465
-0.00342407263815403,-0.007272175817678754,-0.04842668076833854,-5.047986588369196E-4,0.0667065574715917
-0.0041593471153949695,-0.018480738460008674,-0.02948746958281845,0.006481568523061772,0.054780015343567356
-0.01011817657854408,-0.04442838703592618,-0.016747006215155125,0.025303322200973827,0.044636862352490425
0.017225234024226665,-0.03667766933018962,-0.03629332568186025,0.02418156686859826,0.039127875484215716
0.01425159377977252,0.011571376770734788,0.03404347314499319,0.05597425438463688,-0.015177465975284576
-9.497902873489591E-4,0.014208673499524593,0.0014083513783084021,0.08341135265719558,-0.0492778268073582
-0.14965603209566325,0.2345362292835489,0.22947934130206704,0.12145614495966583,-0.1848619458032772
-0.05420111975847529,0.13435640968740561,0.091441973631915,0.05872889871422488,-0.08236175424490984
-0.08833846330526285,0.21974332505487837,0.17178343122941442,0.08034991507884115,-0.13352036627475172
-0.05497231206391007,0.23492056998657063,0.22515729884253233,-0.053516552899964154,-0.20671402208972722
-0.01511760162455695,0.08155034412629902,0.04544633673503995,-0.010168750371251787,-0.02146055515290105
-0.018495501094388172,0.03236724227420328,0.023170489461763817,-0.002188848235699184,-0.009691017433343564
-0.08682051544579177,0.3209851120526974,0.27918171424132127,-0.034497528265302,-0.21807113877282694
-0.13709058705717325,0.07053016545251012,0.03128486638888717,0.031492084031924605,-0.2645078133791685
-0.05684896042415251,-0.019439618258426584,-0.009633923725535471,0.01245389401447028,-0.0062739878582457696
-0.13709058705717325,0.07053016545251012,0.03128486638888717,0.031492084031924605,-0.2645078133791685
0.030719860682438593,0.024398609530180693,0.06245311489328742,0.02433716133236885,-0.13084011618047953
0.012393351384581855,-0.017835087035424434,-0.012685893416906206,-0.002640430385676714,-0.03433864755341067
-0.009185077955148049,0.014674543403089046,0.03385639676292027,-0.026604636006855538,-0.1720879425161651
-0.053737813172946604,0.04961443518881094,0.03786872325211086,-0.056021503511477604,-0.1564616686770354
-0.11519108569392791,0.050408354315620206,0.09917445967976864,-0.1227956868421573,-0.21987093197038543
-0.10310017026495188,0.051400587311945856,0.08285112725570798,-0.135353367542848,-0.18401874927803874
-0.10364489676430821,0.05263359464394549,0.08347047244509061,-0.1348946557069818,-0.18293151207035407
-0.08279757800378969,0.06798655593385254,0.05425441438066107,-0.0825821990147233,-0.16024750151804515
-0.07537895870896487,0.015180529166872686,0.04653716796579269,-0.08885850535275845,-0.14181539029456103
-0.039377092849463224,0.009152757663590212,0.00996903027407825,0.044879931917724505,0.014463085836420456
-0.005732650053687394,0.021437232289463284,-0.024044126830995084,0.01641267233644612,-0.012378900311887264
-0.02730695322282951,-4.649085881696506E-4,0.00280503983694044,0.007871212776411663,0.03905593409118328
-0.0186453023343347,-0.031106777738646736,-0.019357235981650383,0.04238477868161031,0.020935230389503495
0.004201062946646873,0.006711988327359514,-0.012427180622970418,0.02912127928409193,-0.016059046794128205
-0.02006138941893975,0.0289055493970712,-0.018968538753688334,-0.015018853948762019,-0.04040722218342126
-0.07127121012890712,0.13868880309164525,0.051237566582858565,-0.14352410696446896,-0.1169414084404707
0.04520210431655869,-0.03594814556709025,0.006979715661145747,0.012878206674940884,0.0433777334401384
0.03238230578634622,-0.014968025032430887,-0.01006116412047829,0.02502686633462352,0.07017594647394226
0.03429469601674513,-0.05651617731729692,-0.03610475277739831,0.014437145003202288,0.06659083324484527
0.029172912193462255,-0.05247931904159486,-0.043497903784736995,0.022044561023358257,0.07570929061621429
0.012008417974963473,-0.009946643685301144,-0.011461880213270584,0.03603312398384635,0.011781451602776844
0.06324988452834078,-0.05145788493100554,-0.04019172177650035,0.011599263502284886,0.10768738491460682
-0.17517225444316864,0.08699478933704086,0.10608986485749483,-0.06665828311815858,-0.02993399475235492
-0.19123410806059837,0.09086351795122027,0.11954314541071653,-0.06199721014127135,-0.058953213156200945
-0.19123410806059837,0.09086351795122027,0.11954314541071653,-0.06199721014127135,-0.058953213156200945
-0.04533043957365277,0.020577939701200063,0.02682641556852364,0.026146479998715222,-0.019253831697694426
-0.19123410806059837,0.09086351795122027,0.11954314541071653,-0.06199721014127135,-0.058953213156200945
-0.17623545601963997,0.12270360626280308,0.1193388206884265,-0.048818834125995636,-0.07241002714727074
-0.08537581622866647,0.03886876940461142,0.05336521126862083,-0.01866400527900883,-0.013469431848664368
-0.19123410806059837,0.09086351795122027,0.11954314541071653,-0.06199721014127135,-0.058953213156200945
-0.03061334626399912,-0.0211719089304097,-0.039218460075790065,0.007828062400221825,0.021512896521016955
-0.0046169195324182516,-0.03252712674438953,-0.08594027338549495,0.026696867705322803,0.05258917924948037
-0.001090218054337634,-0.029225618578493595,-0.03754394474284102,0.020979941153200343,0.05639292268703381
0.03153118371847086,-0.021783138501632493,-0.047437937508220784,0.02655895275529474,0.008548585930839181
0.029823486524239544,0.01359618226544828,-0.05804587916160623,0.007192715873113937,0.042341744216779865
0.062017408385872844,0.002260473556816578,-0.07285864176228643,0.05199014432728291,0.011058009555563332
0.05735301418462768,-0.04846070255734958,-0.08751292678061873,0.03193805500632152,0.09339983803511132
0.06078727977971236,-0.011523459106683731,-0.08462619533141454,0.050672003378470734,0.028569578503568966
0.041308775350141026,-0.04190336062310962,-0.06394400540739298,0.032420760253444314,0.08253876665063822
0.04909746855911281,-0.0435153185777987,-0.07463665862774684,0.024312504179154832,0.06272816272555953
-0.03438080532941967,0.010880063520744443,-0.014759474957827479,0.017560834297910333,-0.02746642606022457
-0.025934811227489266,0.008939521067077294,0.00690914549631998,0.014476483734324575,7.706638425588609E-5
-0.007629834348335862,-0.021044742914714983,0.01049551023502967,0.050768256253962,-0.041806698843304596
-0.025568067688833584,0.013782564910467376,-7.820732372982259E-4,0.04491540188477798,-0.0044371379878033294
-0.022876778195495717,-0.0318448333782726,0.058953922722139396,0.09847337873361539,-0.03330547350924462
-0.01325100646354258,-0.03485836943921943,0.009858068428002298,0.044333676186700664,-0.0054499150021001695
-0.04016471720944323,0.01072899135760963,0.052800590994165224,0.05127393356387448,-0.07682301038328339
-0.026680334145203235,-0.027129656285978854,0.03598431823775172,0.08034923252416776,-0.028023696085438133
-0.021337199583649637,-0.03730677720159292,0.04560810858383775,0.07022901345044374,-0.040735470503568655
-0.0462276572555614,0.07217172890280683,0.060755923856049776,-0.02384702620717386,-0.060722576706515
-0.006999445048027805,-0.04080535129954417,-0.027185384511193702,0.011041371617466211,0.03881502739386633
-0.01998335155658424,-0.024216048419475555,2.5158708449453117E-4,-0.006426470784936101,0.020215661369729788
-0.04745868333460142,0.01269467396195978,0.035855017573339865,0.018690920561008774,-0.025011257268488407
-0.010222158583928831,-0.03938226122409105,-0.03837805133298389,-0.0015713957691332325,0.060063133656512946
0.03252685053739697,-0.045942296646535395,-0.0533467999775894,0.03030606275424361,0.043105645664036275
-0.021337020851206034,-0.007648685888852924,-0.011333604328683577,0.01770846828003414,-0.015274759411113337
0.028595586229736604,-0.019830068314654958,-0.055562488579501704,0.01660250106619464,0.04321870874587653
0.007590873184828805,-0.01609545865525993,-0.03406104577991825,0.020693507690269213,0.019980785535433546
-0.020393646694719793,0.04217355023138225,-0.0052666755393147476,0.07306618017610163,-0.0729374673217535
-0.02461392313919284,-0.03160214711996642,0.0022141769613054666,0.038344051646576685,-0.024069156095554885
0.00498223802424036,-0.027434007402916905,-0.04286329256865429,0.039184526656754315,0.035483790990838315
-0.029196329036494717,-0.02421229612082243,-0.03412439956446178,-0.004044044064357877,0.026700504531618208
0.004779277263547887,-0.04368496673520316,-0.041246052154085854,-7.604294117878784E-4,0.06301570789549839
-0.013392876251600683,-0.022858676217895533,-0.03830009446288126,0.017922815051861107,0.044510921303299256
-0.02053862278857692,-0.01857583753933961,-0.043513185175305065,0.007111147977411747,0.023440304894889283
-0.017423030506405566,-0.027873690602266125,-0.011797345049368838,0.049415277524126895,0.012762242863472136
-0.055536599765117795,0.02964010314705471,-0.007751148171438318,-0.03324305818467918,-0.049792950132137366
-0.028211310173251798,0.047045609905451,0.03675928479892068,0.041688159307731044,-0.03875264400267042
-0.011599356373254623,-0.027328655563501846,-0.034687315081504896,0.004265999576697746,0.02474958553082413
-0.009919446520507337,-0.008328533871099353,-0.006876195641234518,0.03463078672066331,0.004269424511585385
-0.11684275237157156,0.1363213456627962,0.08086325594616171,-0.06895643279054448,-0.12789805988646358
-0.05678459210321307,0.033617131439421105,0.012967159163535517,-0.013098410289625034,-0.01602718570981832
-0.08083452156279236,0.044244664791040125,0.05600802884437144,-0.035953528614481915,-0.050964733213186265
-0.04899138603359461,0.044222332847615085,0.027857148523132005,0.0012422552332282065,-0.032050029716144006
-0.06618026308715344,0.06781311261001975,0.05588079206645489,-0.029578223917633296,-0.02368229599669576
-0.09775766345361868,0.09695614188288648,0.06913575410532455,-0.07073324990148346,-0.06651276165309052
-0.02675227689269377,0.24263610504567623,0.21326255472376943,0.11955613689497113,-0.14991433109389618
-0.02689854790722685,0.23896862167332852,0.21489681197064261,0.1179797083937696,-0.13757034497601645
-0.05102618277693788,0.2325744941830635,0.23544072459141413,0.12448380899926026,-0.21365319415926934
-0.05832560558337718,0.2142511011722187,0.17270486274113256,0.00691114142925168,-0.1554217416172226
-0.016673754993826152,0.17872918583452702,0.1377748841419816,0.025121550215408208,-0.09387316964566708
-0.08218122511688206,0.20219186258812744,0.16107941743555582,0.004869813177113731,-0.14683767904837924
-0.05759868660243228,0.1727900067344308,0.12809692175748447,0.02610590951129173,-0.11682882811874151
-0.04996496096386441,0.16240904263187464,0.14363467509558955,0.006503882901077823,-0.08909288086163412
-0.03627757939016994,0.08642675974132384,0.018086593214641598,0.015098272658446255,-0.06586902462603415
-0.023180108103487227,0.06547505825033618,0.05020839362663941,0.03748219883871368,-0.026214739863967728
-0.01138953621557448,0.11460888612782583,0.08540103898849338,0.04612013524456415,-0.04010481806471944
2.4913732028965436E-4,0.030368378319378407,0.00844194573749389,0.03964588531692113,0.020966182546024874
0.030383401641821753,0.04997065457532049,0.05245249528005453,0.026526673031704764,-0.023992669635585374
-8.750291437738471E-4,-0.0353756535720701,-0.05756857454414582,-0.0019951680054267245,0.0260902623542481
0.016939445209573023,-0.03551975201116875,-0.08733463520184159,-8.921246626414359E-5,0.05232118186540902
0.0067538010771386325,0.018627905938774347,-0.008293619006872177,0.029143294459208848,-0.026659656502306464
0.016829460064935332,-0.031126572640941423,-0.04466430827810922,0.014461007037693086,0.06007677094106946
0.012749405624344946,-0.0231063213897869,-0.07372253127396107,0.012599168322049083,0.057353678904473786
0.02820820896886289,-0.01663213113351958,-0.06818695272249897,0.0013861801198800094,0.05696939548215596
0.021447714549140073,0.004210805309412535,-0.02279009013727773,-0.017097897376515903,0.07824625395005569
0.020665336887098172,-0.021079287970099937,-0.021206145894459703,0.06762190362099897,0.015650171987627717
0.005643146764487028,-0.0135339776519686,-0.012284580594860019,0.01575108482502401,0.017111453972756863
0.018890515094556446,-0.023001384838218134,-0.011124447595128524,0.03777059726417065,0.010855985896861447
-0.009580814878323247,0.02410332323051989,0.005304130492731929,0.028262859538829486,-0.03938696577513058
-0.022192786866799,0.037833514437079434,0.011983947642147542,0.04010103244800121,-0.02070902641862631
-0.0051729320279824045,7.29309144214942E-4,-0.0050488688911382975,-0.0020271969171097646,-0.01430247430331432
0.009783568093553185,-0.01927901597809978,-0.045848739115172066,0.022340876836096868,0.03342467801121529
0.011546398606151344,0.035994350793771446,0.019231483200564982,0.06256956199649721,0.019546628021635117
-0.014978589140810072,-0.01235915784491226,-0.013732499530306086,0.02752178569789976,0.022505696106236428
0.019988004273424544,-0.023643697204533964,-0.0441426122173046,0.03169478957230846,0.022329649422317743
0.06723666981755134,-0.039503438398242,-0.07081485806459871,0.026195597214003403,0.053016429844622806
-0.06570088490843773,0.03929240629076958,0.060909987427294254,0.04373459843918681,-0.02533820830285549
-0.044029508921084926,0.018890506122261286,0.05615974613465369,0.01575160789070651,-0.028118814283516258
-0.029260975614306517,0.008731288311537355,0.028689942992059514,0.016231209854595363,-0.005027944280300289
-0.017265843263325784,-0.02629534212442545,-0.02796142072363112,0.019184079862987768,0.03171638563239517
-0.07577843964099884,0.06802529344956079,0.10011950135231018,0.05063771642744541,-0.09050218015909195
-0.01287553645670414,-0.05579931528138166,-0.03054576883600517,-0.01597883984107863,0.10176936034324834
0.020901616400806233,0.018729890492977574,0.012498747004428878,0.024606982311524916,-0.03293468016636325
-0.004940504085799844,-0.01590362742461045,0.0031817448051536783,0.028085870010887876,-0.020546256564557552
-0.0018931575662766893,-0.01583059326124688,-0.01640700971862922,0.015320312949673582,0.030221145212029416
-0.02012554857223718,0.016204081946687605,0.001698580358854749,0.0185708626893095,-0.03667819872498512
0.016878519550357993,-0.035744084884706685,-0.035377974278832734,8.86578982892005E-4,-0.03719337061537724
0.018386151575084244,-0.04860610432556963,-0.030663622160708264,0.02377658217613186,0.09149754280224442
-0.10464903619140387,0.08953376313937561,0.0637391135928088,-0.09517287516168185,-0.02987204798098121
-0.1068566780226926,0.06908606045957033,0.05866678414555887,-0.10122776184386263,-0.024094272529085477
-0.09587961246314294,0.07184222185819902,0.05770719404715825,-0.07930728919146691,-0.025770079056896707
0.00612716849095055,0.0820800431205758,0.08634806610643864,-0.06560078343110425,-0.038554869492405226
-0.009314054270119717,0.010009361865619818,-0.008644582936540246,0.015495401279379924,-0.02246049450089534
0.013684885925613344,0.09719747491180897,0.09468635427765548,-0.057346549234353006,-0.048110402713064104
-0.009103117011753576,0.07380556474838938,0.07687119700546775,-0.027025740261056592,-0.07417490732456956
0.03718990987787644,-0.010513627022090884,-0.020893814663092293,-0.008986414203213321,0.08948533362450285
0.003837729737694774,0.10718022213716591,0.10064308371927057,-0.05345959136528628,-0.07224411347747912
-0.019754384975665465,0.021176986324672516,-0.03720625031452913,-0.02458345501397092,0.010410898150159763
-0.007364948216656392,0.0011078293371776288,-0.015271612898107956,0.028285451148721306,0.033631475367160005
-0.007475524093024433,0.02191166973110133,-0.018023842169592776,0.02786905508643637,-0.023347451186661296
-9.24044530480527E-4,-0.026975770266010213,-0.03524411442832878,0.02673890729448221,0.009385189422083875
-0.004277054756780022,-0.0215429010401879,-0.03824595954003079,0.007139477147055523,0.009347599569342231
0.01500035934150219,-0.02923065032809973,-0.026274767704308033,0.011502465256489814,0.14202743889763952
-0.006298669070626298,-0.017257358587812632,-0.05232969236870606,0.010518741173048813,0.052083848897988595
-0.009652636731819559,-0.02208226694104572,-0.04747922268385688,0.025612901314161718,0.043011439188073076
-0.03518859764638667,0.03713702010766913,-0.004131834294336537,0.03910863073542714,-0.03858275796907643
0.01289046835154295,-0.01904796461375164,-0.03099301364272833,0.03837874308893723,-0.01532014727126807
0.007841299776919186,-0.038786636153236034,-0.056208301335573196,0.0029744441310564675,0.042752545520973705
-0.009796974456953144,-0.03364439644954271,-0.039537928739769586,0.013646386913023889,0.026711634489604168
-0.015049688750877976,0.01252097732697924,-0.0016777222820868094,0.02814369136467576,-0.023162540599393346
0.012610269193020131,-8.051074627372953E-4,-0.022972354096257024,0.010848606548582513,-0.01545612984854314
0.031247965370615322,0.027277112938463688,-0.008969914711390931,0.009248343917230764,-0.05240560961343969
0.039044177292713096,-0.02414541960959988,-0.04899796028621495,0.028120413156492368,0.05544778791954741
-0.004654380154203285,-0.002373330443250862,-0.02412215205417438,-0.027562370523810387,-0.017947281964800575
0.015816001035273076,-0.029381912667304277,-0.06552800019271672,-0.011897630663588643,0.030270015075802806
-0.02569041306722081,-0.03367391725381215,-0.02695356992383798,0.017030810316403706,0.00945990850838522
-0.04858581262330214,0.008192853187210858,-0.0057961873710155485,0.03502438065285484,-0.09254763067389528
-0.05147581693849393,0.09389907241399799,0.08719440350042922,0.15190733011279786,-0.11130134841161114
-0.03444826257271836,-0.006850456209996573,0.01297741888377529,0.03620169288478792,-0.06620180699078797
-0.0022920361047403678,0.03846424101437959,0.011254069291883044,0.029233427925242316,-0.01145811394477884
-0.03633250454731751,-0.017228186208133895,-0.03386316052637994,0.005715720326406881,-0.023066696128807962
-0.038146740852800363,-0.01323073509368388,-0.039258867502212524,0.00774152811808402,-0.009908553185489248
-0.051468057336751374,-0.018038401985540988,-0.0230513209477067,0.0016024339420255274,-0.02248816378414631
-0.11171732543734834,0.012777815340086818,-0.027096379688009622,-0.036084674997255206,-0.05655368119478226
-0.005373976491391659,-0.020342317703180016,-0.09319138765335083,0.005260588079690934,-0.12193523288704455
0.017042468001212303,-0.04049096077991028,-0.06157853968519096,0.00726173457223922,0.028596063590763755
-0.0045347127411514525,-0.021313555389642715,-0.09364616952836513,0.00676298329140991,-0.11851219721138477
0.01095175849539893,-0.022919024773208157,-0.05463656830501609,0.025795343348623385,0.06530808208377233
0.002631585206836462,0.018093388853594662,-0.03852583647239954,0.02625504774041474,0.018813795782625677
0.004197910563865055,-0.042005855080788024,-0.036478439384760954,0.024739900215839345,0.034083856842092544
0.04887081243885825,-0.00479175616055727,-0.03285524553547685,0.016550648456009537,0.0011535918949028621
0.008326212332273522,-0.02404620373272337,-0.01334978558588773,0.018249978156139452,-0.012658788841993857
0.009083883980145821,-0.011605674974047221,-0.021897941800908975,0.01904346876276227,-0.0029158086220447263
0.022268548840656877,0.004935708129778504,-0.02989301856400238,0.03459920951475699,0.008067248596085442
2.8963366316424473E-4,-0.025108628712284066,-0.01175910816527903,6.484966725111008E-4,-0.005473593612098032
0.0372364349430427,-0.02261138705071062,-0.03859220903832466,0.01134544718079269,0.07156946174800397
-0.01208371484244708,0.02557372052251594,-0.014716740959556773,0.016357981236069463,0.017615898439544253
0.007289527029830164,0.008938126307579555,-0.004886669672227332,0.042557666976270926,0.010572525780714515
-0.0054357645880932426,-0.01983220993469541,0.004173268474495182,0.015459307299282117,-0.02488243568670721
0.006461879496263073,0.004656357894418761,-0.03109544404183647,-0.007669291858162198,-0.00323654172409858
0.010661926120519638,0.025909800548106432,0.003217429667711258,-0.022488859202712777,0.020339743932709098
0.006151734627201222,0.049652182788122445,-0.003664493126173814,0.036216880877812704,-0.028207645441095035
0.00506862613838166,-0.019830432642872133,-0.057085041577617325,6.45926222205162E-4,0.03735514105452845
-0.00921052784865929,-0.027603838592767715,-0.04190874487782518,0.01635113275713391,0.003921106043789121
-0.010907550998540088,-0.029231100554832003,-0.012042812918397514,0.01781350662085143,0.006418202834373171
-0.003060455311141494,0.01090443248136176,0.010150495968345137,0.025561255267045148,0.00170624116435647
-0.001962184007944805,-0.02198982491557087,-0.00851064594462514,0.012626918635630447,0.10380849021021277
-0.08631940673803912,-0.021484127266739962,0.0037243016049615107,0.0614207196602365,0.0019829768119961956
-0.06802863948978484,0.052098456956446174,0.017538856342434885,0.06081043612211943,-0.13523989394307137
-0.09550882507270823,-0.010705479141324758,-0.014189523349826535,0.06957802185012649,-0.06970626953989267
-0.004886244761291892,0.013286862056702375,0.013169834855943918,0.016356170922517777,-0.03279463015496731
-0.003093793308168339,-0.038553659524768594,-0.04953520105530818,0.030029519519302994,0.0037447781922916572
-0.01266721593371282,-0.014650464780667486,-0.020844288226120018,-9.159221178075919E-4,0.005477437875621641
-0.011300221846725507,-0.015643319804579593,-0.00886298013994327,2.815963772053902E-4,-0.04992516750756365
-0.00513578036851767,0.017432998762362532,0.010724516068067815,0.014612879190180035,-0.046015185200505786
-0.018152934033423662,0.01227491779718548,0.0033026420933310874,0.002162111137295142,-0.03216443466953933
-0.027069517721732456,0.013288148337354262,-0.03893884490244091,-0.003553824411937967,-0.02183562209829688
0.022311589738819748,0.027413171133957803,-0.04931704487535171,0.009354243382404093,-0.05479467730037868
-0.013599441363476216,0.03539476109047731,0.0039193769606451195,0.0017553844023495912,-0.0491391660956045
-8.003283938806917E-4,0.04842785383678145,2.3842707095253797E-4,0.0031941180738310018,-0.046338850166648626
-0.015636814657288292,-0.057800978794693945,-0.04233110159014662,0.027868480576823156,0.05058340970426798
0.016629533394007013,-0.035065502300858496,-0.03277465696446598,0.020478572347201407,0.02987373024225235
0.007834963398636319,-0.02286889069364406,-0.0358761474271887,0.061752857378451154,0.029276557761477306
-0.024320650629566183,-0.052571149942065985,-0.03364807909487613,-0.006528142556947256,0.06730152210885924
0.012919569055416753,-0.03046848851123026,-0.03985567686946264,-0.013658696710730769,0.005855096969753504
0.007984816387761384,-0.02600098348921165,-0.046875834377715364,0.004743626079289243,0.0552326988108689
0.02570840281744798,-0.049611673069496945,-0.07475271326903667,0.009433520000634922,0.05648122904110803
-0.014868900811831865,-0.020953444697495018,-0.0340158719336614,0.011544299145628299,0.036461618080336065
-0.09390916853127154,0.020534514576535334,-0.005819875746965408,-0.06174766653302041,-0.05469991084696217
-0.10219072233885527,0.04714236622676254,0.0021160066127777102,-0.04750248491764069,-0.10372433345764875
2.9343372443690896E-4,0.006103474845682891,-0.018738018908253353,0.014478579085941115,-0.006089976584512947
-0.10219072233885527,0.04714236622676254,0.0021160066127777102,-0.04750248491764069,-0.10372433345764875
-0.09996068933978677,0.02294494388625026,-0.00537058673799038,-0.06745724231004716,-0.05943755749613047
0.01097821363946423,0.028298911917954684,-0.009379770420491696,0.020443875342607498,0.007670252770185471
-0.019495743281627904,-0.019759062976975526,-0.02053249194951994,0.012228480756415852,0.00875851052946278
